{
  "categories": [
    { "id": "new", "name": "New Releases" },
    { "id": "best", "name": "Best Sellers" },
    { "id": "literature", "name": "Literature" },
    { "id": "economy", "name": "Economy" },
    { "id": "psychology", "name": "Psychology - Life Skills" },
    { "id": "kids", "name": "Children's Books" },
    { "id": "foreign", "name": "Foreign Language Books" },
    { "id": "textbook", "name": "Textbook & References" },
    { "id": "comics", "name": "Comics & Manga" },
    { "id": "religion", "name": "Religion & Philosophy" }
  ],

  "products": [
   
    {
      "id": 1,
      "title": "Việt Nam – Ẩn Mặc Thông Dung",
      "priceOld": 190000,
      "priceNew": 171000,
      "image": "biasach.jpg",
      "category": "new"
    },
    {
      "id": 2,
      "title": "Thực hành dịch tiếng Anh",
      "priceOld": 113000,
      "priceNew": 79200,
      "image": "biasach.jpg",
      "category": "new"
    },
    {
      "id": 3,
      "title": "Đắc Nhân Tâm – Bản Mới",
      "priceOld": 158000,
      "priceNew": 135000,
      "image": "biasach.jpg",
      "category": "new"
    },
    {
      "id": 4,
      "title": "Cà Phê Cùng Tony – 2025 Edition",
      "priceOld": 98000,
      "priceNew": 88000,
      "image": "biasach.jpg",
      "category": "new"
    },
    {
      "id": 5,
      "title": "Nhà Giả Kim – Tái Bản",
      "priceOld": 165000,
      "priceNew": 149000,
      "image": "biasach.jpg",
      "category": "new"
    },
    {
      "id": 6,
      "title": "Muôn Kiếp Nhân Sinh 3",
      "priceOld": 250000,
      "priceNew": 223000,
      "image": "biasach.jpg",
      "category": "new"
    },
    {
      "id": 7,
      "title": "Hiểu vê trái tim – 2025",
      "priceOld": 129000,
      "priceNew": 115000,
      "image": "biasach.jpg",
      "category": "new"
    },
    {
      "id": 8,
      "title": "Giải Mã Nhân Tướng Học",
      "priceOld": 150000,
      "priceNew": 132000,
      "image": "biasach.jpg",
      "category": "new"
    },

    {
      "id": 9,
      "title": "Sách Giảm Giá Sốc 50%",
      "priceOld": 220000,
      "priceNew": 110000,
      "image": "biasach.jpg",
      "category": "promo"
    },
    {
      "id": 10,
      "title": "Combo Văn Học Việt – SALE",
      "priceOld": 300000,
      "priceNew": 199000,
      "image": "biasach.jpg",
      "category": "promo"
    },
    {
      "id": 11,
      "title": "Kỹ Năng Sống Thực Tiễn – 40%",
      "priceOld": 185000,
      "priceNew": 111000,
      "image": "biasach.jpg",
      "category": "promo"
    },
    {
      "id": 12,
      "title": "Tâm Lý Ứng Dụng – 35%",
      "priceOld": 145000,
      "priceNew": 95000,
      "image": "biasach.jpg",
      "category": "promo"
    },
    {
      "id": 13,
      "title": "Giảm Giá Mạnh 30%",
      "priceOld": 100000,
      "priceNew": 70000,
      "image": "biasach.jpg",
      "category": "promo"
    },
    {
      "id": 14,
      "title": "Flash Sale Sách Ngoại Văn",
      "priceOld": 250000,
      "priceNew": 175000,
      "image": "biasach.jpg",
      "category": "promo"
    },

   
    {
      "id": 15,
      "title": "Tân Thanh – Sách Văn Học",
      "priceOld": 88000,
      "priceNew": 79200,
      "image": "biasach.jpg",
      "category": "literature"
    },
    {
      "id": 16,
      "title": "Ngàn Năm Trà Việt",
      "priceOld": 299000,
      "priceNew": 261000,
      "image": "biasach.jpg",
      "category": "literature"
    },
    {
      "id": 17,
      "title": "Dế Mèn Phiêu Lưu Ký",
      "priceOld": 120000,
      "priceNew": 95000,
      "image": "biasach.jpg",
      "category": "literature"
    },
    {
      "id": 18,
      "title": "Nỗi Buồn Chiến Tranh",
      "priceOld": 150000,
      "priceNew": 135000,
      "image": "biasach.jpg",
      "category": "literature"
    },
    {
      "id": 19,
      "title": "Hai Số Phận",
      "priceOld": 175000,
      "priceNew": 145000,
      "image": "biasach.jpg",
      "category": "literature"
    },
    {
      "id": 20,
      "title": "Truyện Ngắn Nam Cao",
      "priceOld": 110000,
      "priceNew": 96000,
      "image": "biasach.jpg",
      "category": "literature"
    },

   
    {
      "id": 21,
      "title": "Kinh tế vĩ mô cơ bản",
      "priceOld": 160000,
      "priceNew": 128000,
      "image": "biasach.jpg",
      "category": "economy"
    },
    {
      "id": 22,
      "title": "Nghệ thuật lãnh đạo hiện đại",
      "priceOld": 300000,
      "priceNew": 270000,
      "image": "biasach.jpg",
      "category": "economy"
    },
    {
      "id": 23,
      "title": "Quản Trị Kinh Doanh 4.0",
      "priceOld": 200000,
      "priceNew": 165000,
      "image": "biasach.jpg",
      "category": "economy"
    },
    {
      "id": 24,
      "title": "Tư duy tài chính",
      "priceOld": 140000,
      "priceNew": 112000,
      "image": "biasach.jpg",
      "category": "economy"
    },
    {
      "id": 25,
      "title": "Kinh doanh online thực chiến",
      "priceOld": 180000,
      "priceNew": 155000,
      "image": "biasach.jpg",
      "category": "economy"
    },

  
    {
      "id": 26,
      "title": "Tâm Lý Học Thành Công",
      "priceOld": 170000,
      "priceNew": 149000,
      "image": "biasach.jpg",
      "category": "psychology"
    },
    {
      "id": 27,
      "title": "Sức Mạnh Của Thói Quen",
      "priceOld": 175000,
      "priceNew": 152000,
      "image": "biasach.jpg",
      "category": "psychology"
    },
    {
      "id": 28,
      "title": "Thiền Và Não Bộ",
      "priceOld": 210000,
      "priceNew": 180000,
      "image": "biasach.jpg",
      "category": "psychology"
    },
    {
      "id": 29,
      "title": "Giải Tỏa Căng Thẳng",
      "priceOld": 98000,
      "priceNew": 85000,
      "image": "biasach.jpg",
      "category": "psychology"
    },

   
    {
      "id": 30,
      "title": "Truyện cổ tích Việt Nam",
      "priceOld": 80000,
      "priceNew": 72000,
      "image": "biasach.jpg",
      "category": "kids"
    },
    {
      "id": 31,
      "title": "Bé Học Chữ Cái",
      "priceOld": 50000,
      "priceNew": 38000,
      "image": "biasach.jpg",
      "category": "kids"
    },
    {
      "id": 32,
      "title": "Khám Phá Khoa Học",
      "priceOld": 90000,
      "priceNew": 76000,
      "image": "biasach.jpg",
      "category": "kids"
    },

   
    {
      "id": 33,
      "title": "English Grammar in Use",
      "priceOld": 250000,
      "priceNew": 215000,
      "image": "biasach.jpg",
      "category": "foreign"
    },
    {
      "id": 34,
      "title": "600 Essential Words TOEIC",
      "priceOld": 165000,
      "priceNew": 135000,
      "image": "biasach.jpg",
      "category": "foreign"
    },
    {
      "id": 35,
      "title": "Minna No Nihongo",
      "priceOld": 200000,
      "priceNew": 170000,
      "image": "biasach.jpg",
      "category": "foreign"
    },

    
    {
      "id": 36,
      "title": "Giải tích 1 – Đại Học",
      "priceOld": 120000,
      "priceNew": 95000,
      "image": "biasach.jpg",
      "category": "textbook"
    },
    {
      "id": 37,
      "title": "Kỹ thuật lập trình C",
      "priceOld": 180000,
      "priceNew": 155000,
      "image": "biasach.jpg",
      "category": "textbook"
    },
    {
      "id": 38,
      "title": "Cơ sở dữ liệu – ĐH",
      "priceOld": 140000,
      "priceNew": 120000,
      "image": "biasach.jpg",
      "category": "textbook"
    },

  
    {
      "id": 39,
      "title": "One Piece – Tập 1",
      "priceOld": 45000,
      "priceNew": 40000,
      "image": "biasach.jpg",
      "category": "comics"
    },
    {
      "id": 40,
      "title": "Doraemon – Tập 17",
      "priceOld": 35000,
      "priceNew": 32000,
      "image": "biasach.jpg",
      "category": "comics"
    }
  ]
}