[
  {
    "email": "admin@gmail.com",
    "password": "123456",
    "name": "Admin HahaBook",
    "cart": [],
    "history": [],
    "lastCategory": ""
  },
  {
    "email": "user@gmail.com",
    "password": "654321",
    "name": "Nguyễn A",
    "cart": [
      {
        "id": 1,
        "qty": 1
      }
    ],
    "history": [],
    "lastCategory": ""
  },
  {
    "name": "Phương Đỗ",
    "email": "123@gmail.com",
    "password": "abc123!@#",
    "cart": [],
    "history": [],
    "lastCategory": ""
  },
  {
    "name": "phong",
    "email": "ancuc@gmail.com",
    "password": "Phong@123",
    "cart": [
      {
        "id": 27,
        "qty": 1
      },
      {
        "id": 26,
        "qty": 1
      },
      {
        "id": 7,
        "qty": 3
      },
      {},
      {
        "id": 2,
        "qty": 3
      },
      {
        "id": 3,
        "qty": 1
      }
    ],
    "history": [],
    "lastCategory": ""
  },
  {
    "name": "Phương Đỗ",
    "email": "dotrieuducphuong2005@gmail.com",
    "avatar": "https://lh3.googleusercontent.com/a/ACg8ocLaV7zbVyLFvo1t-2ToLBRuB3re4RshjclJ4X1TQysnud6sSOAc=s96-c",
    "cart": [
      {
        "id": 1,
        "qty": 2
      },
      {
        "id": 2,
        "qty": 2
      },
      {
        "id": 3,
        "qty": 2
      },
      {
        "id": 27,
        "qty": 1
      }
    ],
    "history": [],
    "lastCategory": "topnon-fictionbooks"
  },
  {
    "name": "Admin",
    "email": "admin@happybook.com",
    "password": "Admin@123",
    "cart": [],
    "orders": []
  }
]