[
  {
    "email": "admin@happybook.com",
    "password": "123456",
    "name": "Admin HahaBook",
    "cart": [],
    "history": [],
    "lastCategory": ""
  },
  {
    "email": "user@gmail.com",
    "password": "654321",
    "name": "Nguyễn A",
    "cart": [
      {
        "id": 1,
        "qty": 1
      }
    ],
    "history": [],
    "lastCategory": ""
  },
  {
    "name": "Phương Đỗ",
    "email": "123@gmail.com",
    "password": "abc123!@#",
    "cart": [],
    "history": [],
    "lastCategory": ""
  },
  {
    "name": "phong",
    "email": "ancuc@gmail.com",
    "password": "Phong@123",
    "cart": [
      {
        "id": 27,
        "qty": 1
      },
      {
        "id": 26,
        "qty": 1
      }
    ],
    "history": [],
    "lastCategory": ""
  },
  {
    "name": "Phương Đỗ",
    "email": "dotrieuducphuong2005@gmail.com",
    "avatar": "https://lh3.googleusercontent.com/a/ACg8ocLaV7zbVyLFvo1t-2ToLBRuB3re4RshjclJ4X1TQysnud6sSOAc=s96-c",
    "cart": [],
    "history": [],
    "lastCategory": "religion&philosophy",
    "orders": [
      {
        "id": "HP251202001",
        "date": "10:07:30 2/12/2025",
        "items": [
          {
            "id": 1,
            "qty": 1
          },
          {
            "id": 3,
            "qty": 1
          },
          {
            "id": 2,
            "qty": 1
          }
        ],
        "total": 385200,
        "status": "Đang xử lý"
      },
      {
        "id": "HP251201002",
        "date": "00:13:04 2/12/2025",
        "items": [
          {
            "id": 7,
            "qty": 1
          },
          {
            "id": 3,
            "qty": 1
          }
        ],
        "total": 250000,
        "status": "Đang xử lý"
      },
      {
        "id": "HP251201001",
        "date": "23:26:09 1/12/2025",
        "items": [
          {
            "id": 3,
            "qty": 1
          },
          {
            "id": 27,
            "qty": 1
          },
          {
            "id": 6,
            "qty": 1
          }
        ],
        "total": 510000,
        "status": "Đang xử lý"
      }
    ]
  },
  {
    "name": "trường hoàng",
    "email": "truongcnkdhy224@gmail.com",
    "avatar": "https://lh3.googleusercontent.com/a/ACg8ocLKUPMf5BN1yECESON0H_SW2gt_5O20U4Qphqj7oSFRsSnAvQ=s96-c",
    "cart": [],
    "history": [],
    "lastCategory": "justarrived",
    "orders": []
  }
]